input_label,records,job_name,technology,local_median_duration_seconds,docker_simulation_median_duration_seconds,emr_baseline_median_duration_seconds,emr_larger_median_duration_seconds,emr_larger_vs_baseline_speedup,local_run_id,docker_simulation_run_id,emr_baseline_run_id,emr_larger_run_id,notes
1m,1000000,delay_by_airport_month,Spark SQL,6.272578,6.28902,15.125728,11.725626,1.289971895743562,20260524T095743481484Z,20260524T161313685088Z,m4-emr-final-2,aws-3x-small,
1m,1000000,delay_by_airport_month,Spark Core,0.96935,2.657893,1.923128,1.778298,1.0814430427296213,20260524T095743481484Z,20260524T161313685088Z,m4-emr-final-2,aws-3x-small,
1m,1000000,airline_airport_ranking,Spark SQL,1.059439,1.104252,4.051517,2.262195,1.7909671801060472,20260524T095743481484Z,20260524T161313685088Z,m4-emr-final-2,aws-3x-small,
1m,1000000,airline_airport_ranking,Spark Core,0.618222,2.150694,1.243081,0.843293,1.4740795903677608,20260524T095743481484Z,20260524T161313685088Z,m4-emr-final-2,aws-3x-small,
full,7079081,delay_by_airport_month,Spark SQL,8.667103,8.428459,15.505447,13.449692,1.1528477380745967,20260524T095743481484Z,20260524T161313685088Z,m4-emr-final-2,aws-3x-mid,
full,7079081,delay_by_airport_month,Spark Core,1.037563,2.877121,1.91819,1.866096,1.0279160343304954,20260524T095743481484Z,20260524T161313685088Z,m4-emr-final-2,aws-3x-mid,
full,7079081,airline_airport_ranking,Spark SQL,2.06134,1.809061,4.301809,2.507246,1.7157506682631065,20260524T095743481484Z,20260524T161313685088Z,m4-emr-final-2,aws-3x-mid,
full,7079081,airline_airport_ranking,Spark Core,0.666002,2.093344,1.106489,0.828245,1.3359440745190132,20260524T095743481484Z,20260524T161313685088Z,m4-emr-final-2,aws-3x-mid,
